"Status","Start Time","Stop Time","Duration in ms","Parent Suite","Suite","Sub Suite","Test Class","Test Method","Name","Description"
"passed","Sun Sep 28 07:44:16 GMT 2025","Sun Sep 28 07:44:16 GMT 2025","347","Surefire suite","Surefire test","com.example.teamcity.api.ProjectTest","com.example.teamcity.api.ProjectTest","userCreatesProjectWithCorrectDataTest","User should be able to create project with correct data",""
"passed","Sun Sep 28 07:44:23 GMT 2025","Sun Sep 28 07:44:23 GMT 2025","1","Surefire suite","Surefire test","com.example.teamcity.api.BuildTypeTest","com.example.teamcity.api.BuildTypeTest","projectAdminCreatesBuildTypeForAnotherUserProjectTest","Project admin should not be able to create build type for not their project",""
"passed","Sun Sep 28 07:44:19 GMT 2025","Sun Sep 28 07:44:19 GMT 2025","191","Surefire suite","Surefire test","com.example.teamcity.api.ProjectTest","com.example.teamcity.api.ProjectTest","userCreatesProjectWithInvalidIdTest","User should not be able to create project with invalid ID",""
"passed","Sun Sep 28 07:44:21 GMT 2025","Sun Sep 28 07:44:22 GMT 2025","293","Surefire suite","Surefire test","com.example.teamcity.api.ProjectTest","com.example.teamcity.api.ProjectTest","userCreatesProjectWithLongNameTest","User should be able to create project with long name and verify name",""
"passed","Sun Sep 28 07:44:18 GMT 2025","Sun Sep 28 07:44:19 GMT 2025","222","Surefire suite","Surefire test","com.example.teamcity.api.ProjectTest","com.example.teamcity.api.ProjectTest","userCreatesProjectWithEmptyIdTest","User should not be able to create a project with empty id",""
"passed","Sun Sep 28 07:44:23 GMT 2025","Sun Sep 28 07:44:23 GMT 2025","1","Surefire suite","Surefire test","com.example.teamcity.api.BuildTypeTest","com.example.teamcity.api.BuildTypeTest","projectAdminCreatesBuildTypeTest","Project admin should be able to create build type for their project",""
"passed","Sun Sep 28 07:44:17 GMT 2025","Sun Sep 28 07:44:17 GMT 2025","385","Surefire suite","Surefire test","com.example.teamcity.api.ProjectTest","com.example.teamcity.api.ProjectTest","userCreatesProjectWithCorrectDataTest","User should be able to create project with correct data",""
"passed","Sun Sep 28 07:43:09 GMT 2025","Sun Sep 28 07:43:59 GMT 2025","49916","Surefire suite","Surefire test","com.example.teamcity.ui.SetupServerTest","com.example.teamcity.ui.SetupServerTest","setupTeamCityServerTest","setupTeamCityServerTest",""
"passed","Sun Sep 28 07:44:24 GMT 2025","Sun Sep 28 07:44:24 GMT 2025","317","Surefire suite","Surefire test","com.example.teamcity.api.BuildTypeTest","com.example.teamcity.api.BuildTypeTest","userCreatesTwoBuildTypesWithTheSameIdTest","User should not be able to create two build types with the same id",""
"passed","Sun Sep 28 07:44:20 GMT 2025","Sun Sep 28 07:44:21 GMT 2025","166","Surefire suite","Surefire test","com.example.teamcity.api.ProjectTest","com.example.teamcity.api.ProjectTest","userCreatesProjectWithInvalidSymbolsIdTest","User should not be able to create a project if id includes invalid symbols",""
"passed","Sun Sep 28 07:44:21 GMT 2025","Sun Sep 28 07:44:21 GMT 2025","154","Surefire suite","Surefire test","com.example.teamcity.api.ProjectTest","com.example.teamcity.api.ProjectTest","userCreatesProjectWithLimitedRoleTest","User should not be able to create project with limited role",""
"passed","Sun Sep 28 07:44:13 GMT 2025","Sun Sep 28 07:44:14 GMT 2025","941","Surefire suite","Surefire test","com.example.teamcity.api.ProjectTest","com.example.teamcity.api.ProjectTest","userCreatesProjectTest","User should be able to create project",""
"passed","Sun Sep 28 07:44:20 GMT 2025","Sun Sep 28 07:44:20 GMT 2025","237","Surefire suite","Surefire test","com.example.teamcity.api.ProjectTest","com.example.teamcity.api.ProjectTest","userCreatesProjectWithInvalidNameTest","User should not be able to create project with invalid name",""
"passed","Sun Sep 28 07:44:19 GMT 2025","Sun Sep 28 07:44:19 GMT 2025","221","Surefire suite","Surefire test","com.example.teamcity.api.ProjectTest","com.example.teamcity.api.ProjectTest","userCreatesProjectWithIdStartingWithNumberTest","User should not be able to create a project if id starts with number",""
"passed","Sun Sep 28 07:44:14 GMT 2025","Sun Sep 28 07:44:15 GMT 2025","419","Surefire suite","Surefire test","com.example.teamcity.api.ProjectTest","com.example.teamcity.api.ProjectTest","userCreatesProjectWithCorrectDataTest","User should be able to create project with correct data",""
"passed","Sun Sep 28 07:44:20 GMT 2025","Sun Sep 28 07:44:20 GMT 2025","268","Surefire suite","Surefire test","com.example.teamcity.api.ProjectTest","com.example.teamcity.api.ProjectTest","userCreatesProjectWithInvalidNameTest","User should not be able to create project with invalid name",""
"passed","Sun Sep 28 07:44:22 GMT 2025","Sun Sep 28 07:44:22 GMT 2025","560","Surefire suite","Surefire test","com.example.teamcity.api.ProjectTest","com.example.teamcity.api.ProjectTest","userCreatesTwoProjectsWithTheSameIdTest","User should not be able to create two projects with the same id",""
"passed","Sun Sep 28 07:44:22 GMT 2025","Sun Sep 28 07:44:22 GMT 2025","239","Surefire suite","Surefire test","com.example.teamcity.api.ProjectTest","com.example.teamcity.api.ProjectTest","userCreatesProjectWithOver225IdSymbolsTest","User should not be able to create a project if id has more than 225 symbols",""
"passed","Sun Sep 28 07:44:21 GMT 2025","Sun Sep 28 07:44:21 GMT 2025","174","Surefire suite","Surefire test","com.example.teamcity.api.ProjectTest","com.example.teamcity.api.ProjectTest","userCreatesProjectWithLimitedRoleTest","User should not be able to create project with limited role",""
"passed","Sun Sep 28 07:44:18 GMT 2025","Sun Sep 28 07:44:18 GMT 2025","316","Surefire suite","Surefire test","com.example.teamcity.api.ProjectTest","com.example.teamcity.api.ProjectTest","userCreatesProjectWithCyrillicIdTest","User should not be able to create a project if id cyrillic symbols",""
"passed","Sun Sep 28 07:44:23 GMT 2025","Sun Sep 28 07:44:23 GMT 2025","248","Surefire suite","Surefire test","com.example.teamcity.api.ProjectTest","com.example.teamcity.api.ProjectTest","userCreatesTwoProjectsWithTheSameNameTest","User should not be able to create two projects with the same name",""
"passed","Sun Sep 28 07:44:12 GMT 2025","Sun Sep 28 07:44:13 GMT 2025","1140","Surefire suite","Surefire test","com.example.teamcity.api.ProjectTest","com.example.teamcity.api.ProjectTest","userCreatesCopyOfNonExistingProjectTest","User should not be able to create a copy of non existing project",""
"passed","Sun Sep 28 07:44:12 GMT 2025","Sun Sep 28 07:44:12 GMT 2025","128","Surefire suite","Surefire test","com.example.teamcity.api.ProjectTest","com.example.teamcity.api.ProjectTest","unauthorizedUserCreatesProjectTest","Unauthorized user should not be able to create project",""
"passed","Sun Sep 28 07:44:17 GMT 2025","Sun Sep 28 07:44:17 GMT 2025","352","Surefire suite","Surefire test","com.example.teamcity.api.ProjectTest","com.example.teamcity.api.ProjectTest","userCreatesProjectWithCorrectDataTest","User should be able to create project with correct data",""
"passed","Sun Sep 28 07:44:16 GMT 2025","Sun Sep 28 07:44:16 GMT 2025","355","Surefire suite","Surefire test","com.example.teamcity.api.ProjectTest","com.example.teamcity.api.ProjectTest","userCreatesProjectWithCorrectDataTest","User should be able to create project with correct data",""
"passed","Sun Sep 28 07:44:15 GMT 2025","Sun Sep 28 07:44:15 GMT 2025","391","Surefire suite","Surefire test","com.example.teamcity.api.ProjectTest","com.example.teamcity.api.ProjectTest","userCreatesProjectWithCorrectDataTest","User should be able to create project with correct data",""
"passed","Sun Sep 28 07:44:19 GMT 2025","Sun Sep 28 07:44:19 GMT 2025","197","Surefire suite","Surefire test","com.example.teamcity.api.ProjectTest","com.example.teamcity.api.ProjectTest","userCreatesProjectWithIdStartingWithUnderscoreTest","User should not be able to create a project if id starts with _",""
"passed","Sun Sep 28 07:44:23 GMT 2025","Sun Sep 28 07:44:24 GMT 2025","985","Surefire suite","Surefire test","com.example.teamcity.api.BuildTypeTest","com.example.teamcity.api.BuildTypeTest","userCreatesBuildTypeTest","User should be able to create build type",""
"passed","Sun Sep 28 07:44:19 GMT 2025","Sun Sep 28 07:44:20 GMT 2025","204","Surefire suite","Surefire test","com.example.teamcity.api.ProjectTest","com.example.teamcity.api.ProjectTest","userCreatesProjectWithInvalidNameTest","User should not be able to create project with invalid name",""
"passed","Sun Sep 28 07:44:21 GMT 2025","Sun Sep 28 07:44:21 GMT 2025","152","Surefire suite","Surefire test","com.example.teamcity.api.ProjectTest","com.example.teamcity.api.ProjectTest","userCreatesProjectWithLimitedRoleTest","User should not be able to create project with limited role",""
